eft_id,eft_code,eft_color,eft_nameLegend,productivity,seasonality,phenology,r,g,b,row,column
1,Aa1,#6000E8,1)  Aa1,A,a,1,96,0,232,1,1
2,Aa2,#8D00FF,2)  Aa2,A,a,2,141,0,255,2,1
3,Aa3,#A400D3,3)  Aa3,A,a,3,164,0,211,3,1
4,Aa4,#3A00E6,4)  Aa4,A,a,4,58,0,230,4,1
5,Ab1,#4100AF,5)  Ab1,A,b,1,65,0,175,5,1
6,Ab2,#3900B9,6)  Ab2,A,b,2,57,0,185,6,1
7,Ab3,#2E00C3,7)  Ab3,A,b,3,46,0,195,7,1
8,Ab4,#5500DC,8)  Ab4,A,b,4,85,0,220,8,1
9,Ac1,#4E0068,9)  Ac1,A,c,1,78,0,104,9,1
10,Ac2,#55007C,10)  Ac2,A,c,2,85,0,124,10,1
11,Ac3,#51008E,11)  Ac3,A,c,3,81,0,142,11,1
12,Ac4,#4B00A6,12)  Ac4,A,c,4,75,0,166,12,1
13,Ad1,#000000,13)  Ad1,A,d,1,0,0,0,13,1
14,Ad2,#380032,14)  Ad2,A,d,2,56,0,50,14,1
15,Ad3,#450052,15)  Ad3,A,d,3,69,0,82,15,1
16,Ad4,#44005C,16)  Ad4,A,d,4,68,0,92,16,1
17,Ba1,#005DFF,17)  Ba1,B,a,1,0,93,255,1,2
18,Ba2,#0072FF,18)  Ba2,B,a,2,0,114,255,2,2
19,Ba3,#0087FF,19)  Ba3,B,a,3,0,135,255,3,2
20,Ba4,#009DFF,20)  Ba4,B,a,4,0,157,255,4,2
21,Bb1,#00B2FF,21)  Bb1,B,b,1,0,178,255,5,2
22,Bb2,#00C7FF,22)  Bb2,B,b,2,0,199,255,6,2
23,Bb3,#00DCFF,23)  Bb3,B,b,3,0,220,255,7,2
24,Bb4,#00F2FF,24)  Bb4,B,b,4,0,242,255,8,2
25,Bc1,#00FFF6,25)  Bc1,B,c,1,0,255,246,9,2
26,Bc2,#00FFE1,26)  Bc2,B,c,2,0,255,225,10,2
27,Bc3,#00FFCB,27)  Bc3,B,c,3,0,255,203,11,2
28,Bc4,#00FFBB,28)  Bc4,B,c,4,0,255,187,12,2
29,Bd1,#00FFA5,29)  Bd1,B,d,1,0,255,165,13,2
30,Bd2,#00FF90,30)  Bd2,B,d,2,0,255,144,14,2
31,Bd3,#00FF7B,31)  Bd3,B,d,3,0,255,123,15,2
32,Bd4,#00FF69,32)  Bd4,B,d,4,0,255,105,16,2
33,Ca1,#00FF4E,33)  Ca1,C,a,1,0,255,78,1,3
34,Ca2,#00FF3B,34)  Ca2,C,a,2,0,255,59,2,3
35,Ca3,#00FF1C,35)  Ca3,C,a,3,0,255,28,3,3
36,Ca4,#00FF10,36)  Ca4,C,a,4,0,255,16,4,3
37,Cb1,#04FF00,37)  Cb1,C,b,1,4,255,0,5,3
38,Cb2,#19FF00,38)  Cb2,C,b,2,25,255,0,6,3
39,Cb3,#2EFF00,39)  Cb3,C,b,3,46,255,0,7,3
40,Cb4,#43FF00,40)  Cb4,C,b,4,67,255,0,8,3
41,Cc1,#59FF00,41)  Cc1,C,c,1,89,255,0,9,3
42,Cc2,#6EFF00,42)  Cc2,C,c,2,110,255,0,10,3
43,Cc3,#83FF00,43)  Cc3,C,c,3,131,255,0,11,3
44,Cc4,#99FF00,44)  Cc4,C,c,4,153,255,0,12,3
45,Cd1,#A9FF00,45)  Cd1,C,d,1,169,255,0,13,3
46,Cd2,#BFFF00,46)  Cd2,C,d,2,191,255,0,14,3
47,Cd3,#D4FF00,47)  Cd3,C,d,3,212,255,0,15,3
48,Cd4,#E9FF00,48)  Cd4,C,d,4,233,255,0,16,3
49,Da1,#FFFF00,49)  Da1,D,a,1,255,255,0,1,4
50,Da2,#FFE900,50)  Da2,D,a,2,255,233,0,2,4
51,Da3,#FFD400,51)  Da3,D,a,3,255,212,0,3,4
52,Da4,#FFBF00,52)  Da4,D,a,4,255,191,0,4,4
53,Db1,#FFAA00,53)  Db1,D,b,1,255,170,0,5,4
54,Db2,#FF9400,54)  Db2,D,b,2,255,148,0,6,4
55,Db3,#FF7F00,55)  Db3,D,b,3,255,127,0,7,4
56,Db4,#FF6A00,56)  Db4,D,b,4,255,106,0,8,4
57,Dc1,#FF5500,57)  Dc1,D,c,1,255,85,0,9,4
58,Dc2,#FF3F00,58)  Dc2,D,c,2,255,63,0,10,4
59,Dc3,#FF2A00,59)  Dc3,D,c,3,255,42,0,11,4
60,Dc4,#FF1500,60)  Dc4,D,c,4,255,21,0,12,4
61,Dd1,#FF0000,61)  Dd1,D,d,1,255,0,0,13,4
62,Dd2,#FF0000,62)  Dd2,D,d,2,255,0,0,14,4
63,Dd3,#D40000,63)  Dd3,D,d,3,212,0,0,15,4
64,Dd4,#BF0000,64)  Dd4,D,d,4,191,0,0,16,4
